time_step,msd,speed_variance,food_sense_variance,pheromone_sense_variance,reproduction_energy_variance,max_cluster_size,num_clusters,population,birth_rate,death_rate,avg_energy,avg_generation,lineage_count
0,0.0,0.013068,0.015945,0.017692,0.0,1,20,20,0.0,0.0,99.99,0.0,20
1,0.0001,0.013068,0.015945,0.017692,0.0,1,20,20,0.0,0.0,99.95,0.0,20
2,0.0008,0.013068,0.015945,0.017692,0.0,1,20,20,0.0,0.0,99.93,0.0,20
3,0.0018,0.013068,0.015945,0.017692,0.0,1,20,20,0.0,0.0,99.9,0.0,20
4,0.0039,0.013068,0.015945,0.017692,0.0,1,20,20,0.0,0.0,99.88,0.0,20
5,0.0062,0.013068,0.015945,0.017692,0.0,1,20,20,0.0,0.0,99.86,0.0,20
6,0.0098,0.013068,0.015945,0.017692,0.0,1,20,20,0.0,0.0,99.84,0.0,20
7,0.0134,0.013068,0.015945,0.017692,0.0,1,20,20,0.0,0.0,99.81,0.0,20
8,0.0186,0.013068,0.015945,0.017692,0.0,1,20,20,0.0,0.0,99.78,0.0,20
9,0.0234,0.013068,0.015945,0.017692,0.0,1,20,20,0.0,0.0,99.75,0.0,20
10,0.0301,0.013068,0.015945,0.017692,0.0,1,20,20,0.0,0.0,99.73,0.0,20
11,0.0362,0.013068,0.015945,0.017692,0.0,1,20,20,0.0,0.0,99.69,0.0,20
12,0.0441,0.013068,0.015945,0.017692,0.0,1,20,20,0.0,0.0,99.65,0.0,20
13,0.0509,0.013068,0.015945,0.017692,0.0,1,20,20,0.0,0.0,99.62,0.0,20
14,0.059,0.013068,0.015945,0.017692,0.0,1,20,20,0.0,0.0,99.59,0.0,20
15,0.0659,0.013068,0.015945,0.017692,0.0,1,20,20,0.0,0.0,99.54,0.0,20
16,0.0743,0.013068,0.015945,0.017692,0.0,1,20,20,0.0,0.0,99.5,0.0,20
17,0.0817,0.013068,0.015945,0.017692,0.0,1,20,20,0.0,0.0,99.46,0.0,20
18,0.0907,0.013068,0.015945,0.017692,0.0,1,20,20,0.0,0.0,99.43,0.0,20
19,0.0986,0.013068,0.015945,0.017692,0.0,1,20,20,0.0,0.0,99.4,0.0,20
20,0.1084,0.013068,0.015945,0.017692,0.0,1,20,20,0.0,0.0,99.38,0.0,20
21,0.1169,0.013068,0.015945,0.017692,0.0,1,20,20,0.0,0.0,99.36,0.0,20
22,0.1273,0.013068,0.015945,0.017692,0.0,1,20,20,0.0,0.0,99.34,0.0,20
23,0.1361,0.013068,0.015945,0.017692,0.0,1,20,20,0.0,0.0,99.32,0.0,20
24,0.147,0.013068,0.015945,0.017692,0.0,1,20,20,0.0,0.0,99.31,0.0,20
25,0.1563,0.013068,0.015945,0.017692,0.0,1,20,20,0.0,0.0,99.28,0.0,20
26,0.1679,0.013068,0.015945,0.017692,0.0,1,20,20,0.0,0.0,99.26,0.0,20
27,0.1779,0.013068,0.015945,0.017692,0.0,1,20,20,0.0,0.0,99.25,0.0,20
28,0.1904,0.013068,0.015945,0.017692,0.0,1,20,20,0.0,0.0,99.23,0.0,20
29,0.2011,0.013068,0.015945,0.017692,0.0,1,20,20,0.0,0.0,99.2,0.0,20
30,0.2142,0.013068,0.015945,0.017692,0.0,1,20,20,0.0,0.0,99.18,0.0,20
31,0.2251,0.013068,0.015945,0.017692,0.0,1,20,20,0.0,0.0,99.15,0.0,20
32,0.2381,0.013068,0.015945,0.017692,0.0,1,20,20,0.0,0.0,99.14,0.0,20
33,0.2492,0.013068,0.015945,0.017692,0.0,1,20,20,0.0,0.0,99.11,0.0,20
34,0.263,0.013068,0.015945,0.017692,0.0,1,20,20,0.0,0.0,99.09,0.0,20
35,0.2747,0.013068,0.015945,0.017692,0.0,1,20,20,0.0,0.0,99.07,0.0,20
36,0.2892,0.013068,0.015945,0.017692,0.0,1,20,20,0.0,0.0,99.05,0.0,20
37,0.3015,0.013068,0.015945,0.017692,0.0,1,20,20,0.0,0.0,99.03,0.0,20
38,0.3162,0.013068,0.015945,0.017692,0.0,1,20,20,0.0,0.0,99.01,0.0,20
39,0.3288,0.013068,0.015945,0.017692,0.0,1,20,20,0.0,0.0,98.99,0.0,20
40,0.344,0.013068,0.015945,0.017692,0.0,1,20,20,0.0,0.0,98.97,0.0,20
41,0.3572,0.013068,0.015945,0.017692,0.0,1,20,20,0.0,0.0,98.95,0.0,20
42,0.3731,0.013068,0.015945,0.017692,0.0,1,20,20,0.0,0.0,98.93,0.0,20
43,0.387,0.013068,0.015945,0.017692,0.0,1,20,20,0.0,0.0,98.91,0.0,20
44,0.4038,0.013068,0.015945,0.017692,0.0,1,20,20,0.0,0.0,98.9,0.0,20
45,0.4183,0.013068,0.015945,0.017692,0.0,1,20,20,0.0,0.0,98.87,0.0,20
46,0.4356,0.013068,0.015945,0.017692,0.0,1,20,20,0.0,0.0,98.85,0.0,20
47,0.4506,0.013068,0.015945,0.017692,0.0,1,20,20,0.0,0.0,98.84,0.0,20
48,0.4686,0.013068,0.015945,0.017692,0.0,1,20,20,0.0,0.0,98.82,0.0,20
49,0.4843,0.013068,0.015945,0.017692,0.0,1,20,20,0.0,0.0,98.8,0.0,20
50,0.5031,0.013068,0.015945,0.017692,0.0,1,20,20,0.0,0.0,98.77,0.0,20
51,0.5196,0.013068,0.015945,0.017692,0.0,1,20,20,0.0,0.0,98.75,0.0,20
52,0.5392,0.013068,0.015945,0.017692,0.0,1,20,20,0.0,0.0,98.73,0.0,20
53,0.5562,0.013068,0.015945,0.017692,0.0,1,20,20,0.0,0.0,98.72,0.0,20
54,0.5765,0.013068,0.015945,0.017692,0.0,1,20,20,0.0,0.0,98.7,0.0,20
55,0.5941,0.013068,0.015945,0.017692,0.0,1,20,20,0.0,0.0,98.68,0.0,20
56,0.6156,0.013068,0.015945,0.017692,0.0,1,20,20,0.0,0.0,98.66,0.0,20
57,0.6339,0.013068,0.015945,0.017692,0.0,1,20,20,0.0,0.0,98.63,0.0,20
58,0.6562,0.013068,0.015945,0.017692,0.0,1,20,20,0.0,0.0,98.62,0.0,20
59,0.6753,0.013068,0.015945,0.017692,0.0,1,20,20,0.0,0.0,98.6,0.0,20
60,0.6983,0.013068,0.015945,0.017692,0.0,1,20,20,0.0,0.0,98.58,0.0,20
61,0.7181,0.013068,0.015945,0.017692,0.0,1,20,20,0.0,0.0,98.56,0.0,20
62,0.7418,0.013068,0.015945,0.017692,0.0,1,20,20,0.0,0.0,98.54,0.0,20
63,0.7621,0.013068,0.015945,0.017692,0.0,1,20,20,0.0,0.0,98.52,0.0,20
64,0.7864,0.013068,0.015945,0.017692,0.0,1,20,20,0.0,0.0,98.5,0.0,20
65,0.8074,0.013068,0.015945,0.017692,0.0,1,20,20,0.0,0.0,98.48,0.0,20
66,0.8325,0.013068,0.015945,0.017692,0.0,1,20,20,0.0,0.0,98.46,0.0,20
67,0.8542,0.013068,0.015945,0.017692,0.0,1,20,20,0.0,0.0,98.44,0.0,20
68,0.8799,0.013068,0.015945,0.017692,0.0,1,20,20,0.0,0.0,98.42,0.0,20
69,0.902,0.013068,0.015945,0.017692,0.0,1,20,20,0.0,0.0,98.35,0.0,20
70,0.9285,0.013068,0.015945,0.017692,0.0,1,20,20,0.0,0.0,98.32,0.0,20
71,0.9513,0.013068,0.015945,0.017692,0.0,1,20,20,0.0,0.0,98.3,0.0,20
72,0.9784,0.013068,0.015945,0.017692,0.0,1,20,20,0.0,0.0,98.28,0.0,20
73,1.0015,0.013068,0.015945,0.017692,0.0,1,20,20,0.0,0.0,98.25,0.0,20
74,1.0282,0.013068,0.015945,0.017692,0.0,1,20,20,0.0,0.0,98.24,0.0,20
75,1.0513,0.013068,0.015945,0.017692,0.0,1,20,20,0.0,0.0,98.22,0.0,20
76,1.0782,0.013068,0.015945,0.017692,0.0,1,20,20,0.0,0.0,98.2,0.0,20
77,1.1015,0.013068,0.015945,0.017692,0.0,1,20,20,0.0,0.0,98.18,0.0,20
78,1.129,0.013068,0.015945,0.017692,0.0,1,20,20,0.0,0.0,98.16,0.0,20
79,1.153,0.013068,0.015945,0.017692,0.0,1,20,20,0.0,0.0,98.14,0.0,20
80,1.1811,0.013068,0.015945,0.017692,0.0,1,20,20,0.0,0.0,98.12,0.0,20
81,1.2055,0.013068,0.015945,0.017692,0.0,1,20,20,0.0,0.0,98.1,0.0,20
82,1.2345,0.013068,0.015945,0.017692,0.0,1,20,20,0.0,0.0,98.08,0.0,20
83,1.2597,0.013068,0.015945,0.017692,0.0,1,20,20,0.0,0.0,98.07,0.0,20
84,1.2896,0.013068,0.015945,0.017692,0.0,1,20,20,0.0,0.0,98.04,0.0,20
85,1.3156,0.013068,0.015945,0.017692,0.0,1,20,20,0.0,0.0,98.02,0.0,20
86,1.3461,0.013068,0.015945,0.017692,0.0,1,20,20,0.0,0.0,97.99,0.0,20
87,1.3724,0.013068,0.015945,0.017692,0.0,1,20,0,0.0,0.0,0.0,0.0,0
88,1.4028,0.013068,0.015945,0.017692,0.0,1,20,0,0.0,0.0,0.0,0.0,0
89,1.4289,0.013068,0.015945,0.017692,0.0,1,20,0,0.0,0.0,0.0,0.0,0
90,1.4578,0.013068,0.015945,0.017692,0.0,1,20,0,0.0,0.0,0.0,0.0,0
91,1.4832,0.013068,0.015945,0.017692,0.0,1,20,0,0.0,0.0,0.0,0.0,0
92,1.5117,0.013068,0.015945,0.017692,0.0,1,20,0,0.0,0.0,0.0,0.0,0
93,1.537,0.013068,0.015945,0.017692,0.0,1,20,0,0.0,0.0,0.0,0.0,0
94,1.5658,0.013068,0.015945,0.017692,0.0,1,20,0,0.0,0.0,0.0,0.0,0
95,1.5915,0.013068,0.015945,0.017692,0.0,1,20,0,0.0,0.0,0.0,0.0,0
96,1.6213,0.013068,0.015945,0.017692,0.0,1,20,0,0.0,0.0,0.0,0.0,0
97,1.6478,0.013068,0.015945,0.017692,0.0,1,20,0,0.0,0.0,0.0,0.0,0
98,1.6786,0.013068,0.015945,0.017692,0.0,1,20,0,0.0,0.0,0.0,0.0,0
99,1.7059,0.013068,0.015945,0.017692,0.0,1,20,0,0.0,0.0,0.0,0.0,0
100,1.7375,0.013068,0.015945,0.017692,0.0,1,20,0,0.0,0.0,0.0,0.0,0
101,1.7654,0.013068,0.015945,0.017692,0.0,1,20,0,0.0,0.0,0.0,0.0,0
102,1.7968,0.013068,0.015945,0.017692,0.0,1,20,0,0.0,0.0,0.0,0.0,0
103,1.8246,0.013068,0.015945,0.017692,0.0,1,20,0,0.0,0.0,0.0,0.0,0
104,1.855,0.013068,0.015945,0.017692,0.0,1,20,0,0.0,0.0,0.0,0.0,0
105,1.882,0.013068,0.015945,0.017692,0.0,1,20,0,0.0,0.0,0.0,0.0,0
106,1.911,0.013068,0.015945,0.017692,0.0,1,20,0,0.0,0.0,0.0,0.0,0
107,1.9374,0.013068,0.015945,0.017692,0.0,1,20,0,0.0,0.0,0.0,0.0,0
108,1.9663,0.013068,0.015945,0.017692,0.0,1,20,0,0.0,0.0,0.0,0.0,0
109,1.9925,0.013068,0.015945,0.017692,0.0,1,20,0,0.0,0.0,0.0,0.0,0
110,2.0214,0.013068,0.015945,0.017692,0.0,1,20,0,0.0,0.0,0.0,0.0,0
111,2.0472,0.013068,0.015945,0.017692,0.0,1,20,0,0.0,0.0,0.0,0.0,0
112,2.0753,0.013068,0.015945,0.017692,0.0,1,20,0,0.0,0.0,0.0,0.0,0
113,2.1006,0.013068,0.015945,0.017692,0.0,1,20,0,0.0,0.0,0.0,0.0,0
114,2.1281,0.013068,0.015945,0.017692,0.0,1,20,0,0.0,0.0,0.0,0.0,0
115,2.1531,0.013068,0.015945,0.017692,0.0,1,20,0,0.0,0.0,0.0,0.0,0
116,2.1803,0.013068,0.015945,0.017692,0.0,1,20,0,0.0,0.0,0.0,0.0,0
117,2.2053,0.013068,0.015945,0.017692,0.0,1,20,0,0.0,0.0,0.0,0.0,0
118,2.2328,0.013068,0.015945,0.017692,0.0,1,20,0,0.0,0.0,0.0,0.0,0
119,2.2583,0.013068,0.015945,0.017692,0.0,1,20,0,0.0,0.0,0.0,0.0,0
120,2.2864,0.013068,0.015945,0.017692,0.0,1,20,0,0.0,0.0,0.0,0.0,0
121,2.3122,0.013068,0.015945,0.017692,0.0,1,20,0,0.0,0.0,0.0,0.0,0
122,2.3407,0.013068,0.015945,0.017692,0.0,1,20,0,0.0,0.0,0.0,0.0,0
123,2.3672,0.013068,0.015945,0.017692,0.0,1,20,0,0.0,0.0,0.0,0.0,0
124,2.397,0.013068,0.015945,0.017692,0.0,1,20,0,0.0,0.0,0.0,0.0,0
125,2.4242,0.013068,0.015945,0.017692,0.0,1,20,0,0.0,0.0,0.0,0.0,0
126,2.4532,0.013068,0.015945,0.017692,0.0,1,20,0,0.0,0.0,0.0,0.0,0
127,2.48,0.013068,0.015945,0.017692,0.0,1,20,0,0.0,0.0,0.0,0.0,0
128,2.5097,0.013068,0.015945,0.017692,0.0,1,20,0,0.0,0.0,0.0,0.0,0
129,2.5369,0.013068,0.015945,0.017692,0.0,1,20,0,0.0,0.0,0.0,0.0,0
130,2.5669,0.013068,0.015945,0.017692,0.0,1,20,0,0.0,0.0,0.0,0.0,0
131,2.5947,0.013068,0.015945,0.017692,0.0,1,20,0,0.0,0.0,0.0,0.0,0
132,2.6256,0.013068,0.015945,0.017692,0.0,1,20,0,0.0,0.0,0.0,0.0,0
133,2.6542,0.013068,0.015945,0.017692,0.0,1,20,0,0.0,0.0,0.0,0.0,0
134,2.6859,0.013068,0.015945,0.017692,0.0,1,20,0,0.0,0.0,0.0,0.0,0
135,2.7154,0.013068,0.015945,0.017692,0.0,1,20,0,0.0,0.0,0.0,0.0,0
136,2.7496,0.013068,0.015945,0.017692,0.0,1,20,0,0.0,0.0,0.0,0.0,0
137,2.7809,0.013068,0.015945,0.017692,0.0,1,20,0,0.0,0.0,0.0,0.0,0
138,2.8168,0.013068,0.015945,0.017692,0.0,1,20,0,0.0,0.0,0.0,0.0,0
139,2.849,0.013068,0.015945,0.017692,0.0,1,20,0,0.0,0.0,0.0,0.0,0
140,2.8857,0.013068,0.015945,0.017692,0.0,1,20,0,0.0,0.0,0.0,0.0,0
141,2.9189,0.013068,0.015945,0.017692,0.0,1,20,0,0.0,0.0,0.0,0.0,0
142,2.9569,0.013068,0.015945,0.017692,0.0,1,20,0,0.0,0.0,0.0,0.0,0
143,2.9911,0.013068,0.015945,0.017692,0.0,1,20,0,0.0,0.0,0.0,0.0,0
144,3.0302,0.013068,0.015945,0.017692,0.0,1,20,0,0.0,0.0,0.0,0.0,0
145,3.0645,0.013068,0.015945,0.017692,0.0,1,20,0,0.0,0.0,0.0,0.0,0
146,3.1021,0.013068,0.015945,0.017692,0.0,1,20,0,0.0,0.0,0.0,0.0,0
147,3.1356,0.013068,0.015945,0.017692,0.0,1,20,0,0.0,0.0,0.0,0.0,0
148,3.174,0.013068,0.015945,0.017692,0.0,1,20,0,0.0,0.0,0.0,0.0,0
149,3.2088,0.013068,0.015945,0.017692,0.0,1,20,0,0.0,0.0,0.0,0.0,0
150,3.249,0.013068,0.015945,0.017692,0.0,1,20,0,0.0,0.0,0.0,0.0,0
151,3.2855,0.013068,0.015945,0.017692,0.0,1,20,0,0.0,0.0,0.0,0.0,0
152,3.3285,0.013068,0.015945,0.017692,0.0,1,20,0,0.0,0.0,0.0,0.0,0
153,3.3664,0.013068,0.015945,0.017692,0.0,1,20,0,0.0,0.0,0.0,0.0,0
154,3.4108,0.013068,0.015945,0.017692,0.0,1,20,0,0.0,0.0,0.0,0.0,0
155,3.4499,0.013068,0.015945,0.017692,0.0,1,20,0,0.0,0.0,0.0,0.0,0
156,3.495,0.013068,0.015945,0.017692,0.0,1,20,0,0.0,0.0,0.0,0.0,0
157,3.5344,0.013068,0.015945,0.017692,0.0,1,20,0,0.0,0.0,0.0,0.0,0
158,3.5805,0.013068,0.015945,0.017692,0.0,1,20,0,0.0,0.0,0.0,0.0,0
159,3.6208,0.013068,0.015945,0.017692,0.0,1,20,0,0.0,0.0,0.0,0.0,0
160,3.6676,0.013068,0.015945,0.017692,0.0,1,20,0,0.0,0.0,0.0,0.0,0
161,3.7082,0.013068,0.015945,0.017692,0.0,1,20,0,0.0,0.0,0.0,0.0,0
162,3.7537,0.013068,0.015945,0.017692,0.0,1,20,0,0.0,0.0,0.0,0.0,0
163,3.7934,0.013068,0.015945,0.017692,0.0,1,20,0,0.0,0.0,0.0,0.0,0
164,3.8372,0.013068,0.015945,0.017692,0.0,1,20,0,0.0,0.0,0.0,0.0,0
165,3.8756,0.013068,0.015945,0.017692,0.0,1,20,0,0.0,0.0,0.0,0.0,0
166,3.919,0.013068,0.015945,0.017692,0.0,1,20,0,0.0,0.0,0.0,0.0,0
167,3.9577,0.013068,0.015945,0.017692,0.0,1,20,0,0.0,0.0,0.0,0.0,0
168,4.0017,0.013068,0.015945,0.017692,0.0,1,20,0,0.0,0.0,0.0,0.0,0
169,4.042,0.013068,0.015945,0.017692,0.0,1,20,0,0.0,0.0,0.0,0.0,0
170,4.0891,0.013068,0.015945,0.017692,0.0,1,20,0,0.0,0.0,0.0,0.0,0
171,4.1309,0.013068,0.015945,0.017692,0.0,1,20,0,0.0,0.0,0.0,0.0,0
172,4.1782,0.013068,0.015945,0.017692,0.0,1,20,0,0.0,0.0,0.0,0.0,0
173,4.2199,0.013068,0.015945,0.017692,0.0,1,20,0,0.0,0.0,0.0,0.0,0
174,4.2678,0.013068,0.015945,0.017692,0.0,1,20,0,0.0,0.0,0.0,0.0,0
175,4.3104,0.013068,0.015945,0.017692,0.0,1,20,0,0.0,0.0,0.0,0.0,0
176,4.3601,0.013068,0.015945,0.017692,0.0,1,20,0,0.0,0.0,0.0,0.0,0
177,4.4044,0.013068,0.015945,0.017692,0.0,1,20,0,0.0,0.0,0.0,0.0,0
178,4.4557,0.013068,0.015945,0.017692,0.0,1,20,0,0.0,0.0,0.0,0.0,0
179,4.5009,0.013068,0.015945,0.017692,0.0,1,20,0,0.0,0.0,0.0,0.0,0
180,4.5531,0.013068,0.015945,0.017692,0.0,1,20,0,0.0,0.0,0.0,0.0,0
181,4.5988,0.013068,0.015945,0.017692,0.0,1,20,0,0.0,0.0,0.0,0.0,0
182,4.6496,0.013068,0.015945,0.017692,0.0,1,20,0,0.0,0.0,0.0,0.0,0
183,4.694,0.013068,0.015945,0.017692,0.0,1,20,0,0.0,0.0,0.0,0.0,0
184,4.7437,0.013068,0.015945,0.017692,0.0,1,20,0,0.0,0.0,0.0,0.0,0
185,4.7881,0.013068,0.015945,0.017692,0.0,1,20,0,0.0,0.0,0.0,0.0,0
186,4.8399,0.013068,0.015945,0.017692,0.0,1,20,0,0.0,0.0,0.0,0.0,0
187,4.8853,0.013068,0.015945,0.017692,0.0,1,20,0,0.0,0.0,0.0,0.0,0
188,4.9358,0.013068,0.015945,0.017692,0.0,1,20,0,0.0,0.0,0.0,0.0,0
189,4.9805,0.013068,0.015945,0.017692,0.0,1,20,0,0.0,0.0,0.0,0.0,0
190,5.0314,0.013068,0.015945,0.017692,0.0,1,20,0,0.0,0.0,0.0,0.0,0
191,5.0767,0.013068,0.015945,0.017692,0.0,1,20,0,0.0,0.0,0.0,0.0,0
192,5.1287,0.013068,0.015945,0.017692,0.0,1,20,0,0.0,0.0,0.0,0.0,0
193,5.1746,0.013068,0.015945,0.017692,0.0,1,20,0,0.0,0.0,0.0,0.0,0
194,5.2281,0.013068,0.015945,0.017692,0.0,1,20,0,0.0,0.0,0.0,0.0,0
195,5.2754,0.013068,0.015945,0.017692,0.0,1,20,0,0.0,0.0,0.0,0.0,0
196,5.3313,0.013068,0.015945,0.017692,0.0,1,20,0,0.0,0.0,0.0,0.0,0
197,5.3799,0.013068,0.015945,0.017692,0.0,1,20,0,0.0,0.0,0.0,0.0,0
198,5.4344,0.013068,0.015945,0.017692,0.0,1,20,0,0.0,0.0,0.0,0.0,0
199,5.482,0.013068,0.015945,0.017692,0.0,1,20,0,0.0,0.0,0.0,0.0,0
200,5.536,0.013068,0.015945,0.017692,0.0,1,20,0,0.0,0.0,0.0,0.0,0
201,5.5835,0.013068,0.015945,0.017692,0.0,1,20,0,0.0,0.0,0.0,0.0,0
202,5.6377,0.013068,0.015945,0.017692,0.0,1,20,0,0.0,0.0,0.0,0.0,0
203,5.6853,0.013068,0.015945,0.017692,0.0,1,20,0,0.0,0.0,0.0,0.0,0
204,5.7399,0.013068,0.015945,0.017692,0.0,1,20,0,0.0,0.0,0.0,0.0,0
205,5.7883,0.013068,0.015945,0.017692,0.0,1,20,0,0.0,0.0,0.0,0.0,0
206,5.8441,0.013068,0.015945,0.017692,0.0,1,20,0,0.0,0.0,0.0,0.0,0
207,5.8936,0.013068,0.015945,0.017692,0.0,1,20,0,0.0,0.0,0.0,0.0,0
208,5.9508,0.013068,0.015945,0.017692,0.0,1,20,0,0.0,0.0,0.0,0.0,0
209,6.0012,0.013068,0.015945,0.017692,0.0,1,20,0,0.0,0.0,0.0,0.0,0
210,6.0591,0.013068,0.015945,0.017692,0.0,1,20,0,0.0,0.0,0.0,0.0,0
211,6.1099,0.013068,0.015945,0.017692,0.0,1,20,0,0.0,0.0,0.0,0.0,0
212,6.1683,0.013068,0.015945,0.017692,0.0,1,20,0,0.0,0.0,0.0,0.0,0
213,6.2194,0.013068,0.015945,0.017692,0.0,1,20,0,0.0,0.0,0.0,0.0,0
214,6.2787,0.013068,0.015945,0.017692,0.0,1,20,0,0.0,0.0,0.0,0.0,0
215,6.3304,0.013068,0.015945,0.017692,0.0,1,20,0,0.0,0.0,0.0,0.0,0
216,6.3895,0.013068,0.015945,0.017692,0.0,1,20,0,0.0,0.0,0.0,0.0,0
217,6.4406,0.013068,0.015945,0.017692,0.0,1,20,0,0.0,0.0,0.0,0.0,0
218,6.4982,0.013068,0.015945,0.017692,0.0,1,20,0,0.0,0.0,0.0,0.0,0
219,6.5487,0.013068,0.015945,0.017692,0.0,1,20,0,0.0,0.0,0.0,0.0,0
220,6.606,0.013068,0.015945,0.017692,0.0,1,20,0,0.0,0.0,0.0,0.0,0
221,6.6562,0.013068,0.015945,0.017692,0.0,1,20,0,0.0,0.0,0.0,0.0,0
222,6.7122,0.013068,0.015945,0.017692,0.0,1,20,0,0.0,0.0,0.0,0.0,0
223,6.762,0.013068,0.015945,0.017692,0.0,1,20,0,0.0,0.0,0.0,0.0,0
224,6.818,0.013068,0.015945,0.017692,0.0,1,20,0,0.0,0.0,0.0,0.0,0
225,6.8673,0.013068,0.015945,0.017692,0.0,1,20,0,0.0,0.0,0.0,0.0,0
226,6.9223,0.013068,0.015945,0.017692,0.0,1,20,0,0.0,0.0,0.0,0.0,0
227,6.9709,0.013068,0.015945,0.017692,0.0,1,20,0,0.0,0.0,0.0,0.0,0
228,7.0261,0.013068,0.015945,0.017692,0.0,1,20,0,0.0,0.0,0.0,0.0,0
229,7.075,0.013068,0.015945,0.017692,0.0,1,20,0,0.0,0.0,0.0,0.0,0
230,7.1314,0.013068,0.015945,0.017692,0.0,1,20,0,0.0,0.0,0.0,0.0,0
231,7.1809,0.013068,0.015945,0.017692,0.0,1,20,0,0.0,0.0,0.0,0.0,0
232,7.2379,0.013068,0.015945,0.017692,0.0,1,20,0,0.0,0.0,0.0,0.0,0
233,7.2885,0.013068,0.015945,0.017692,0.0,1,20,0,0.0,0.0,0.0,0.0,0
234,7.3464,0.013068,0.015945,0.017692,0.0,1,20,0,0.0,0.0,0.0,0.0,0
235,7.3978,0.013068,0.015945,0.017692,0.0,1,20,0,0.0,0.0,0.0,0.0,0
236,7.4578,0.013068,0.015945,0.017692,0.0,1,20,0,0.0,0.0,0.0,0.0,0
237,7.5101,0.013068,0.015945,0.017692,0.0,1,20,0,0.0,0.0,0.0,0.0,0
238,7.5696,0.013068,0.015945,0.017692,0.0,1,20,0,0.0,0.0,0.0,0.0,0
239,7.6214,0.013068,0.015945,0.017692,0.0,1,20,0,0.0,0.0,0.0,0.0,0
240,7.6789,0.013068,0.015945,0.017692,0.0,1,20,0,0.0,0.0,0.0,0.0,0
241,7.7298,0.013068,0.015945,0.017692,0.0,1,20,0,0.0,0.0,0.0,0.0,0
242,7.7867,0.013068,0.015945,0.017692,0.0,1,20,0,0.0,0.0,0.0,0.0,0
243,7.8373,0.013068,0.015945,0.017692,0.0,1,20,0,0.0,0.0,0.0,0.0,0
244,7.8941,0.013068,0.015945,0.017692,0.0,1,20,0,0.0,0.0,0.0,0.0,0
245,7.9446,0.013068,0.015945,0.017692,0.0,1,20,0,0.0,0.0,0.0,0.0,0
246,8.0016,0.013068,0.015945,0.017692,0.0,1,20,0,0.0,0.0,0.0,0.0,0
247,8.051,0.013068,0.015945,0.017692,0.0,1,20,0,0.0,0.0,0.0,0.0,0
248,8.1027,0.013068,0.015945,0.017692,0.0,1,20,0,0.0,0.0,0.0,0.0,0
249,8.1491,0.013068,0.015945,0.017692,0.0,1,20,0,0.0,0.0,0.0,0.0,0
250,8.1999,0.013068,0.015945,0.017692,0.0,1,20,0,0.0,0.0,0.0,0.0,0
251,8.2467,0.013068,0.015945,0.017692,0.0,1,20,0,0.0,0.0,0.0,0.0,0
252,8.2992,0.013068,0.015945,0.017692,0.0,1,20,0,0.0,0.0,0.0,0.0,0
253,8.3478,0.013068,0.015945,0.017692,0.0,1,20,0,0.0,0.0,0.0,0.0,0
254,8.4031,0.013068,0.015945,0.017692,0.0,1,20,0,0.0,0.0,0.0,0.0,0
255,8.4529,0.013068,0.015945,0.017692,0.0,1,20,0,0.0,0.0,0.0,0.0,0
256,8.5082,0.013068,0.015945,0.017692,0.0,1,20,0,0.0,0.0,0.0,0.0,0
257,8.5582,0.013068,0.015945,0.017692,0.0,1,20,0,0.0,0.0,0.0,0.0,0
258,8.6134,0.013068,0.015945,0.017692,0.0,1,20,0,0.0,0.0,0.0,0.0,0
259,8.6638,0.013068,0.015945,0.017692,0.0,1,20,0,0.0,0.0,0.0,0.0,0
260,8.7219,0.013068,0.015945,0.017692,0.0,1,20,0,0.0,0.0,0.0,0.0,0
261,8.7744,0.013068,0.015945,0.017692,0.0,1,20,0,0.0,0.0,0.0,0.0,0
262,8.8333,0.013068,0.015945,0.017692,0.0,1,20,0,0.0,0.0,0.0,0.0,0
263,8.886,0.013068,0.015945,0.017692,0.0,1,20,0,0.0,0.0,0.0,0.0,0
264,8.9454,0.013068,0.015945,0.017692,0.0,1,20,0,0.0,0.0,0.0,0.0,0
265,8.9984,0.013068,0.015945,0.017692,0.0,1,20,0,0.0,0.0,0.0,0.0,0
266,9.0586,0.013068,0.015945,0.017692,0.0,1,20,0,0.0,0.0,0.0,0.0,0
267,9.1126,0.013068,0.015945,0.017692,0.0,1,20,0,0.0,0.0,0.0,0.0,0
268,9.1743,0.013068,0.015945,0.017692,0.0,1,20,0,0.0,0.0,0.0,0.0,0
269,9.2295,0.013068,0.015945,0.017692,0.0,1,20,0,0.0,0.0,0.0,0.0,0
270,9.2921,0.013068,0.015945,0.017692,0.0,1,20,0,0.0,0.0,0.0,0.0,0
271,9.3485,0.013068,0.015945,0.017692,0.0,1,20,0,0.0,0.0,0.0,0.0,0
272,9.415,0.013068,0.015945,0.017692,0.0,1,20,0,0.0,0.0,0.0,0.0,0
273,9.4739,0.013068,0.015945,0.017692,0.0,1,20,0,0.0,0.0,0.0,0.0,0
274,9.5422,0.013068,0.015945,0.017692,0.0,1,20,0,0.0,0.0,0.0,0.0,0
275,9.6025,0.013068,0.015945,0.017692,0.0,1,20,0,0.0,0.0,0.0,0.0,0
276,9.6732,0.013068,0.015945,0.017692,0.0,1,20,0,0.0,0.0,0.0,0.0,0
277,9.7338,0.013068,0.015945,0.017692,0.0,1,20,0,0.0,0.0,0.0,0.0,0
278,9.8004,0.013068,0.015945,0.017692,0.0,1,20,0,0.0,0.0,0.0,0.0,0
279,9.8583,0.013068,0.015945,0.017692,0.0,1,20,0,0.0,0.0,0.0,0.0,0
280,9.9245,0.013068,0.015945,0.017692,0.0,1,20,0,0.0,0.0,0.0,0.0,0
